web-scraper-order,web-scraper-start-url,Name,Status,Fall,Year,Place,Type,Mass,MetBull
"1685536964-1","https://www.lpi.usra.edu/meteor/metbull.php?sea=%2A&sfor=names&ants=&nwas=&falls=&valids=&stype=contains&lrec=200&map=ge&browse=&country=Brazil&srt=name&categ=All&mblist=All&rect=&phot=&strewn=&snew=0&pnt=Normal%20table&dr=&page=0","Angra dos Reis (stone)","Official","Y","1869","Rio de Janeiro, Brazil","Angrite","1500 g",""
"1685536964-2","https://www.lpi.usra.edu/meteor/metbull.php?sea=%2A&sfor=names&ants=&nwas=&falls=&valids=&stype=contains&lrec=200&map=ge&browse=&country=Brazil&srt=name&categ=All&mblist=All&rect=&phot=&strewn=&snew=0&pnt=Normal%20table&dr=&page=0","Araguainha **","Crater","","254.7 ± 2.5 Ma","Mato Grosso, Brazil","Impact Crater","",""
"1685536964-3","https://www.lpi.usra.edu/meteor/metbull.php?sea=%2A&sfor=names&ants=&nwas=&falls=&valids=&stype=contains&lrec=200&map=ge&browse=&country=Brazil&srt=name&categ=All&mblist=All&rect=&phot=&strewn=&snew=0&pnt=Normal%20table&dr=&page=0","Arraias **","Official","","2015","Tocantins, Brazil","Iron, IIAB","25 kg","108"
"1685536964-4","https://www.lpi.usra.edu/meteor/metbull.php?sea=%2A&sfor=names&ants=&nwas=&falls=&valids=&stype=contains&lrec=200&map=ge&browse=&country=Brazil&srt=name&categ=All&mblist=All&rect=&phot=&strewn=&snew=0&pnt=Normal%20table&dr=&page=0","Augusto Pestana **","Official","","1977","Rio Grande do Sul, Brazil","Iron, IIIE","24 kg","111"
"1685536964-5","https://www.lpi.usra.edu/meteor/metbull.php?sea=%2A&sfor=names&ants=&nwas=&falls=&valids=&stype=contains&lrec=200&map=ge&browse=&country=Brazil&srt=name&categ=All&mblist=All&rect=&phot=&strewn=&snew=0&pnt=Normal%20table&dr=&page=0","Avanhandava","Official","Y","1952","Sao Paulo, Brazil","H4","9.33 kg",""
"1685536964-6","https://www.lpi.usra.edu/meteor/metbull.php?sea=%2A&sfor=names&ants=&nwas=&falls=&valids=&stype=contains&lrec=200&map=ge&browse=&country=Brazil&srt=name&categ=All&mblist=All&rect=&phot=&strewn=&snew=0&pnt=Normal%20table&dr=&page=0","Balsas **","Official","","1974","Maranhao, Brazil","Iron, IIIAB","41 kg","82"
"1685536964-7","https://www.lpi.usra.edu/meteor/metbull.php?sea=%2A&sfor=names&ants=&nwas=&falls=&valids=&stype=contains&lrec=200&map=ge&browse=&country=Brazil&srt=name&categ=All&mblist=All&rect=&phot=&strewn=&snew=0&pnt=Normal%20table&dr=&page=0","Barbacena","Official","","1918","Minas Gerais, Brazil","Iron, ungrouped","9.03 kg",""
"1685536964-8","https://www.lpi.usra.edu/meteor/metbull.php?sea=%2A&sfor=names&ants=&nwas=&falls=&valids=&stype=contains&lrec=200&map=ge&browse=&country=Brazil&srt=name&categ=All&mblist=All&rect=&phot=&strewn=&snew=0&pnt=Normal%20table&dr=&page=0","Bendegó","Official","","1784","Bahia, Brazil","Iron, IC","5.36 t",""
"1685536964-9","https://www.lpi.usra.edu/meteor/metbull.php?sea=%2A&sfor=names&ants=&nwas=&falls=&valids=&stype=contains&lrec=200&map=ge&browse=&country=Brazil&srt=name&categ=All&mblist=All&rect=&phot=&strewn=&snew=0&pnt=Normal%20table&dr=&page=0","Bezerros","Doubtful","Y","1915","Pernambuco, Brazil","Doubtful Iron","",""
"1685536964-10","https://www.lpi.usra.edu/meteor/metbull.php?sea=%2A&sfor=names&ants=&nwas=&falls=&valids=&stype=contains&lrec=200&map=ge&browse=&country=Brazil&srt=name&categ=All&mblist=All&rect=&phot=&strewn=&snew=0&pnt=Normal%20table&dr=&page=0","Blumenau **","Official","","1986","Santa Catarina, Brazil","Iron, IVA","","82"
"1685536964-11","https://www.lpi.usra.edu/meteor/metbull.php?sea=%2A&sfor=names&ants=&nwas=&falls=&valids=&stype=contains&lrec=200&map=ge&browse=&country=Brazil&srt=name&categ=All&mblist=All&rect=&phot=&strewn=&snew=0&pnt=Normal%20table&dr=&page=0","Bocaiuva **","Official","","1965","Minas Gerais, Brazil","Iron, ungrouped","64 kg","62"
"1685536964-12","https://www.lpi.usra.edu/meteor/metbull.php?sea=%2A&sfor=names&ants=&nwas=&falls=&valids=&stype=contains&lrec=200&map=ge&browse=&country=Brazil&srt=name&categ=All&mblist=All&rect=&phot=&strewn=&snew=0&pnt=Normal%20table&dr=&page=0","Buritizal **","Official","Yc","1967","Sao Paulo, Brazil","LL3.2","210 g","105"
"1685536964-13","https://www.lpi.usra.edu/meteor/metbull.php?sea=%2A&sfor=names&ants=&nwas=&falls=&valids=&stype=contains&lrec=200&map=ge&browse=&country=Brazil&srt=name&categ=All&mblist=All&rect=&phot=&strewn=&snew=0&pnt=Normal%20table&dr=&page=0","Caçapava do Sul **","Official","","","Rio Grande do Sul, Brazil","Iron, IID","27 kg","107"
"1685536964-14","https://www.lpi.usra.edu/meteor/metbull.php?sea=%2A&sfor=names&ants=&nwas=&falls=&valids=&stype=contains&lrec=200&map=ge&browse=&country=Brazil&srt=name&categ=All&mblist=All&rect=&phot=&strewn=&snew=0&pnt=Normal%20table&dr=&page=0","Cacilandia","Official","","","Brazil","H6","",""
"1685536964-15","https://www.lpi.usra.edu/meteor/metbull.php?sea=%2A&sfor=names&ants=&nwas=&falls=&valids=&stype=contains&lrec=200&map=ge&browse=&country=Brazil&srt=name&categ=All&mblist=All&rect=&phot=&strewn=&snew=0&pnt=Normal%20table&dr=&page=0","Campinorte **","Official","","1992","Goias, Brazil","Iron, ungrouped","2 t","99"
"1685536964-16","https://www.lpi.usra.edu/meteor/metbull.php?sea=%2A&sfor=names&ants=&nwas=&falls=&valids=&stype=contains&lrec=200&map=ge&browse=&country=Brazil&srt=name&categ=All&mblist=All&rect=&phot=&strewn=&snew=0&pnt=Normal%20table&dr=&page=0","Campos Sales **","Official","Y","1991","Ceara, Brazil","L5","23.68 kg","78"
"1685536964-17","https://www.lpi.usra.edu/meteor/metbull.php?sea=%2A&sfor=names&ants=&nwas=&falls=&valids=&stype=contains&lrec=200&map=ge&browse=&country=Brazil&srt=name&categ=All&mblist=All&rect=&phot=&strewn=&snew=0&pnt=Normal%20table&dr=&page=0","Capão do Leão **","Official","Np","2019","Rio Grande do Sul, Brazil","L5","210 g","110"
"1685536964-18","https://www.lpi.usra.edu/meteor/metbull.php?sea=%2A&sfor=names&ants=&nwas=&falls=&valids=&stype=contains&lrec=200&map=ge&browse=&country=Brazil&srt=name&categ=All&mblist=All&rect=&phot=&strewn=&snew=0&pnt=Normal%20table&dr=&page=0","Casimiro de Abreu","Official","","1947","Rio de Janeiro, Brazil","Iron, IIIAB","25 kg",""
"1685536964-19","https://www.lpi.usra.edu/meteor/metbull.php?sea=%2A&sfor=names&ants=&nwas=&falls=&valids=&stype=contains&lrec=200&map=ge&browse=&country=Brazil&srt=name&categ=All&mblist=All&rect=&phot=&strewn=&snew=0&pnt=Normal%20table&dr=&page=0","Castanheiras **","Official","","2017","Rondonia, Brazil","Iron, ungrouped","1162 g","110"
"1685536964-20","https://www.lpi.usra.edu/meteor/metbull.php?sea=%2A&sfor=names&ants=&nwas=&falls=&valids=&stype=contains&lrec=200&map=ge&browse=&country=Brazil&srt=name&categ=All&mblist=All&rect=&phot=&strewn=&snew=0&pnt=Normal%20table&dr=&page=0","Colônia **","Crater","","5-36 Ma","Sao Paulo, Brazil","Impact Crater","",""
"1685536964-21","https://www.lpi.usra.edu/meteor/metbull.php?sea=%2A&sfor=names&ants=&nwas=&falls=&valids=&stype=contains&lrec=200&map=ge&browse=&country=Brazil&srt=name&categ=All&mblist=All&rect=&phot=&strewn=&snew=0&pnt=Normal%20table&dr=&page=0","Conceicao do Tocantins **","Official","","2021","Tocantins, Brazil","Iron, IIAB","449 g","111"
"1685536964-22","https://www.lpi.usra.edu/meteor/metbull.php?sea=%2A&sfor=names&ants=&nwas=&falls=&valids=&stype=contains&lrec=200&map=ge&browse=&country=Brazil&srt=name&categ=All&mblist=All&rect=&phot=&strewn=&snew=0&pnt=Normal%20table&dr=&page=0","Conquista **","Official","Y","1965","Minas Gerais, Brazil","H4","20.35 kg","59"
"1685536964-23","https://www.lpi.usra.edu/meteor/metbull.php?sea=%2A&sfor=names&ants=&nwas=&falls=&valids=&stype=contains&lrec=200&map=ge&browse=&country=Brazil&srt=name&categ=All&mblist=All&rect=&phot=&strewn=&snew=0&pnt=Normal%20table&dr=&page=0","Cratheús (1931)","Official","","1914","Ceara, Brazil","Iron, IVA","27.5 kg",""
"1685536964-24","https://www.lpi.usra.edu/meteor/metbull.php?sea=%2A&sfor=names&ants=&nwas=&falls=&valids=&stype=contains&lrec=200&map=ge&browse=&country=Brazil&srt=name&categ=All&mblist=All&rect=&phot=&strewn=&snew=0&pnt=Normal%20table&dr=&page=0","Cratheús (1950)","Official","","1909","Brazil","Iron, IIC","367 g",""
"1685536964-25","https://www.lpi.usra.edu/meteor/metbull.php?sea=%2A&sfor=names&ants=&nwas=&falls=&valids=&stype=contains&lrec=200&map=ge&browse=&country=Brazil&srt=name&categ=All&mblist=All&rect=&phot=&strewn=&snew=0&pnt=Normal%20table&dr=&page=0","Cruz Alta **","Official","","2008","Rio Grande do Sul, Brazil","Iron, IIAB","48 kg","103"
"1685536964-26","https://www.lpi.usra.edu/meteor/metbull.php?sea=%2A&sfor=names&ants=&nwas=&falls=&valids=&stype=contains&lrec=200&map=ge&browse=&country=Brazil&srt=name&categ=All&mblist=All&rect=&phot=&strewn=&snew=0&pnt=Normal%20table&dr=&page=0","Curvello","Doubtful","Y","1833","Minas Gerais, Brazil","Doubtful meteorite","218 g",""
"1685536964-27","https://www.lpi.usra.edu/meteor/metbull.php?sea=%2A&sfor=names&ants=&nwas=&falls=&valids=&stype=contains&lrec=200&map=ge&browse=&country=Brazil&srt=name&categ=All&mblist=All&rect=&phot=&strewn=&snew=0&pnt=Normal%20table&dr=&page=0","Faina **","Official","","2011","Goias, Brazil","Iron, IAB complex","440 g","103"
"1685536964-28","https://www.lpi.usra.edu/meteor/metbull.php?sea=%2A&sfor=names&ants=&nwas=&falls=&valids=&stype=contains&lrec=200&map=ge&browse=&country=Brazil&srt=name&categ=All&mblist=All&rect=&phot=&strewn=&snew=0&pnt=Normal%20table&dr=&page=0","Governador Valadares","Official","","1958","Minas Gerais, Brazil","Martian (nakhlite)","158 g",""
"1685536964-29","https://www.lpi.usra.edu/meteor/metbull.php?sea=%2A&sfor=names&ants=&nwas=&falls=&valids=&stype=contains&lrec=200&map=ge&browse=&country=Brazil&srt=name&categ=All&mblist=All&rect=&phot=&strewn=&snew=0&pnt=Normal%20table&dr=&page=0","Hermenegildo **","Official","","2004","Rio Grande do Sul, Brazil","H5","300 g","107"
"1685536964-30","https://www.lpi.usra.edu/meteor/metbull.php?sea=%2A&sfor=names&ants=&nwas=&falls=&valids=&stype=contains&lrec=200&map=ge&browse=&country=Brazil&srt=name&categ=All&mblist=All&rect=&phot=&strewn=&snew=0&pnt=Normal%20table&dr=&page=0","Ibitira **","Official","Y","1957","Minas Gerais, Brazil","Eucrite-mmict","2.5 kg","6"
"1685536964-31","https://www.lpi.usra.edu/meteor/metbull.php?sea=%2A&sfor=names&ants=&nwas=&falls=&valids=&stype=contains&lrec=200&map=ge&browse=&country=Brazil&srt=name&categ=All&mblist=All&rect=&phot=&strewn=&snew=0&pnt=Normal%20table&dr=&page=0","Iguaracu **","Official","Y","1977","Parana, Brazil","H5","1200 g","68"
"1685536964-32","https://www.lpi.usra.edu/meteor/metbull.php?sea=%2A&sfor=names&ants=&nwas=&falls=&valids=&stype=contains&lrec=200&map=ge&browse=&country=Brazil&srt=name&categ=All&mblist=All&rect=&phot=&strewn=&snew=0&pnt=Normal%20table&dr=&page=0","Indianópolis **","Official","","1989","Minas Gerais, Brazil","Iron, IIAB","14.85 kg","84"
"1685536964-33","https://www.lpi.usra.edu/meteor/metbull.php?sea=%2A&sfor=names&ants=&nwas=&falls=&valids=&stype=contains&lrec=200&map=ge&browse=&country=Brazil&srt=name&categ=All&mblist=All&rect=&phot=&strewn=&snew=0&pnt=Normal%20table&dr=&page=0","Ipiranga **","Official","Y","1972","Parana, Brazil","H6","7 kg","52"
"1685536964-34","https://www.lpi.usra.edu/meteor/metbull.php?sea=%2A&sfor=names&ants=&nwas=&falls=&valids=&stype=contains&lrec=200&map=ge&browse=&country=Brazil&srt=name&categ=All&mblist=All&rect=&phot=&strewn=&snew=0&pnt=Normal%20table&dr=&page=0","Ipitinga **","Official","","1989","Para, Brazil","H5","7 kg","73"
"1685536964-35","https://www.lpi.usra.edu/meteor/metbull.php?sea=%2A&sfor=names&ants=&nwas=&falls=&valids=&stype=contains&lrec=200&map=ge&browse=&country=Brazil&srt=name&categ=All&mblist=All&rect=&phot=&strewn=&snew=0&pnt=Normal%20table&dr=&page=0","Itapicuru-Mirim","Official","Y","1879","Maranhao, Brazil","H5","2.02 kg",""
"1685536964-36","https://www.lpi.usra.edu/meteor/metbull.php?sea=%2A&sfor=names&ants=&nwas=&falls=&valids=&stype=contains&lrec=200&map=ge&browse=&country=Brazil&srt=name&categ=All&mblist=All&rect=&phot=&strewn=&snew=0&pnt=Normal%20table&dr=&page=0","Itapuranga **","Official","","","Goias, Brazil","Iron, IAB-MG","628 kg","58"
"1685536964-37","https://www.lpi.usra.edu/meteor/metbull.php?sea=%2A&sfor=names&ants=&nwas=&falls=&valids=&stype=contains&lrec=200&map=ge&browse=&country=Brazil&srt=name&categ=All&mblist=All&rect=&phot=&strewn=&snew=0&pnt=Normal%20table&dr=&page=0","Itutinga","Official","","1960","Minas Gerais, Brazil","Iron, IIIAB","3.2 kg",""
"1685536964-38","https://www.lpi.usra.edu/meteor/metbull.php?sea=%2A&sfor=names&ants=&nwas=&falls=&valids=&stype=contains&lrec=200&map=ge&browse=&country=Brazil&srt=name&categ=All&mblist=All&rect=&phot=&strewn=&snew=0&pnt=Normal%20table&dr=&page=0","Lavras do Sul **","Official","","1985","Rio Grande do Sul, Brazil","L5","1000 g","99"
"1685536964-39","https://www.lpi.usra.edu/meteor/metbull.php?sea=%2A&sfor=names&ants=&nwas=&falls=&valids=&stype=contains&lrec=200&map=ge&browse=&country=Brazil&srt=name&categ=All&mblist=All&rect=&phot=&strewn=&snew=0&pnt=Normal%20table&dr=&page=0","Macau","Official","Y","1836","Rio Grande do Norte, Brazil","H5","1500 g",""
"1685536964-40","https://www.lpi.usra.edu/meteor/metbull.php?sea=%2A&sfor=names&ants=&nwas=&falls=&valids=&stype=contains&lrec=200&map=ge&browse=&country=Brazil&srt=name&categ=All&mblist=All&rect=&phot=&strewn=&snew=0&pnt=Normal%20table&dr=&page=0","Mafra","Official","Y","1941","Santa Catarina, Brazil","L3-4","600 g",""
"1685536964-41","https://www.lpi.usra.edu/meteor/metbull.php?sea=%2A&sfor=names&ants=&nwas=&falls=&valids=&stype=contains&lrec=200&map=ge&browse=&country=Brazil&srt=name&categ=All&mblist=All&rect=&phot=&strewn=&snew=0&pnt=Normal%20table&dr=&page=0","Maria da Fé **","Official","","1987","Minas Gerais, Brazil","Iron, IVA","18 kg","83"
"1685536964-42","https://www.lpi.usra.edu/meteor/metbull.php?sea=%2A&sfor=names&ants=&nwas=&falls=&valids=&stype=contains&lrec=200&map=ge&browse=&country=Brazil&srt=name&categ=All&mblist=All&rect=&phot=&strewn=&snew=0&pnt=Normal%20table&dr=&page=0","Marilia **","Official","Y","1971","Sao Paulo, Brazil","H4","2.5 kg","52"
"1685536964-43","https://www.lpi.usra.edu/meteor/metbull.php?sea=%2A&sfor=names&ants=&nwas=&falls=&valids=&stype=contains&lrec=200&map=ge&browse=&country=Brazil&srt=name&categ=All&mblist=All&rect=&phot=&strewn=&snew=0&pnt=Normal%20table&dr=&page=0","Minas Gerais","Official","","1888","Minas Gerais, Brazil","L6","1224 g",""
"1685536964-44","https://www.lpi.usra.edu/meteor/metbull.php?sea=%2A&sfor=names&ants=&nwas=&falls=&valids=&stype=contains&lrec=200&map=ge&browse=&country=Brazil&srt=name&categ=All&mblist=All&rect=&phot=&strewn=&snew=0&pnt=Normal%20table&dr=&page=0","Minas Gerais (b)","Official","","2001","Minas Gerais, Brazil","H4","42.6 g","90"
"1685536964-45","https://www.lpi.usra.edu/meteor/metbull.php?sea=%2A&sfor=names&ants=&nwas=&falls=&valids=&stype=contains&lrec=200&map=ge&browse=&country=Brazil&srt=name&categ=All&mblist=All&rect=&phot=&strewn=&snew=0&pnt=Normal%20table&dr=&page=0","Monte Alto","Doubtful","","1888","Bahia, Brazil","Doubtful Iron","",""
"1685536964-46","https://www.lpi.usra.edu/meteor/metbull.php?sea=%2A&sfor=names&ants=&nwas=&falls=&valids=&stype=contains&lrec=200&map=ge&browse=&country=Brazil&srt=name&categ=All&mblist=All&rect=&phot=&strewn=&snew=0&pnt=Normal%20table&dr=&page=0","Montes Claros de Goias **","Official","","2018","Goias, Brazil","H5","14.92 kg","109"
"1685536964-47","https://www.lpi.usra.edu/meteor/metbull.php?sea=%2A&sfor=names&ants=&nwas=&falls=&valids=&stype=contains&lrec=200&map=ge&browse=&country=Brazil&srt=name&categ=All&mblist=All&rect=&phot=&strewn=&snew=0&pnt=Normal%20table&dr=&page=0","Morro do Rocio","Official","","1928","Santa Catarina, Brazil","H5","369 g",""
"1685536964-48","https://www.lpi.usra.edu/meteor/metbull.php?sea=%2A&sfor=names&ants=&nwas=&falls=&valids=&stype=contains&lrec=200&map=ge&browse=&country=Brazil&srt=name&categ=All&mblist=All&rect=&phot=&strewn=&snew=0&pnt=Normal%20table&dr=&page=0","Nossa Senhora do Livramento **","Official","","2016","Mato Grosso, Brazil","Iron, IIIAB","1120 g","106"
"1685536964-49","https://www.lpi.usra.edu/meteor/metbull.php?sea=%2A&sfor=names&ants=&nwas=&falls=&valids=&stype=contains&lrec=200&map=ge&browse=&country=Brazil&srt=name&categ=All&mblist=All&rect=&phot=&strewn=&snew=0&pnt=Normal%20table&dr=&page=0","Nova Lima","Pseudo","","1960","Minas Gerais, Brazil","Pseudometeorite","15 g",""
"1685536964-50","https://www.lpi.usra.edu/meteor/metbull.php?sea=%2A&sfor=names&ants=&nwas=&falls=&valids=&stype=contains&lrec=200&map=ge&browse=&country=Brazil&srt=name&categ=All&mblist=All&rect=&phot=&strewn=&snew=0&pnt=Normal%20table&dr=&page=0","Nova Olinda **","Official","","2014","Paraiba, Brazil","Iron, IIAB","26.93 kg","111"
"1685536964-51","https://www.lpi.usra.edu/meteor/metbull.php?sea=%2A&sfor=names&ants=&nwas=&falls=&valids=&stype=contains&lrec=200&map=ge&browse=&country=Brazil&srt=name&categ=All&mblist=All&rect=&phot=&strewn=&snew=0&pnt=Normal%20table&dr=&page=0","Nova Petropolis **","Official","","1967","Rio Grande do Sul, Brazil","Iron, IIIAB","305 kg","62"
"1685536964-52","https://www.lpi.usra.edu/meteor/metbull.php?sea=%2A&sfor=names&ants=&nwas=&falls=&valids=&stype=contains&lrec=200&map=ge&browse=&country=Brazil&srt=name&categ=All&mblist=All&rect=&phot=&strewn=&snew=0&pnt=Normal%20table&dr=&page=0","Palmas de Monte Alto **","Official","","1954","Bahia, Brazil","Iron, IIIAB","97 kg","96"
"1685536964-53","https://www.lpi.usra.edu/meteor/metbull.php?sea=%2A&sfor=names&ants=&nwas=&falls=&valids=&stype=contains&lrec=200&map=ge&browse=&country=Brazil&srt=name&categ=All&mblist=All&rect=&phot=&strewn=&snew=0&pnt=Normal%20table&dr=&page=0","Para de Minas","Official","","1934","Minas Gerais, Brazil","Iron, IVA","116.3 kg",""
"1685536964-54","https://www.lpi.usra.edu/meteor/metbull.php?sea=%2A&sfor=names&ants=&nwas=&falls=&valids=&stype=contains&lrec=200&map=ge&browse=&country=Brazil&srt=name&categ=All&mblist=All&rect=&phot=&strewn=&snew=0&pnt=Normal%20table&dr=&page=0","Paracutu","Official","","1980","Brazil","Iron, IAB complex","",""
"1685536964-55","https://www.lpi.usra.edu/meteor/metbull.php?sea=%2A&sfor=names&ants=&nwas=&falls=&valids=&stype=contains&lrec=200&map=ge&browse=&country=Brazil&srt=name&categ=All&mblist=All&rect=&phot=&strewn=&snew=0&pnt=Normal%20table&dr=&page=0","Parambu **","Official","Y","1967","Ceara, Brazil","LL5","2 kg","52"
"1685536964-56","https://www.lpi.usra.edu/meteor/metbull.php?sea=%2A&sfor=names&ants=&nwas=&falls=&valids=&stype=contains&lrec=200&map=ge&browse=&country=Brazil&srt=name&categ=All&mblist=All&rect=&phot=&strewn=&snew=0&pnt=Normal%20table&dr=&page=0","Paranaiba","Official","Y","1956","Mato Grosso do Sul, Brazil","L6","100 kg",""
"1685536964-57","https://www.lpi.usra.edu/meteor/metbull.php?sea=%2A&sfor=names&ants=&nwas=&falls=&valids=&stype=contains&lrec=200&map=ge&browse=&country=Brazil&srt=name&categ=All&mblist=All&rect=&phot=&strewn=&snew=0&pnt=Normal%20table&dr=&page=0","Parauapebas **","Official","Yp","2013","Para, Brazil","H4-5","272 g","107"
"1685536964-58","https://www.lpi.usra.edu/meteor/metbull.php?sea=%2A&sfor=names&ants=&nwas=&falls=&valids=&stype=contains&lrec=200&map=ge&browse=&country=Brazil&srt=name&categ=All&mblist=All&rect=&phot=&strewn=&snew=0&pnt=Normal%20table&dr=&page=0","Patos de Minas (hexahedrite)","Official","","1925","Minas Gerais, Brazil","Iron, IIAB","32 kg",""
"1685536964-59","https://www.lpi.usra.edu/meteor/metbull.php?sea=%2A&sfor=names&ants=&nwas=&falls=&valids=&stype=contains&lrec=200&map=ge&browse=&country=Brazil&srt=name&categ=All&mblist=All&rect=&phot=&strewn=&snew=0&pnt=Normal%20table&dr=&page=0","Patos de Minas (octahedrite) **","Official","","1925","Minas Gerais, Brazil","Iron, IAB complex","200 kg","93"
"1685536964-60","https://www.lpi.usra.edu/meteor/metbull.php?sea=%2A&sfor=names&ants=&nwas=&falls=&valids=&stype=contains&lrec=200&map=ge&browse=&country=Brazil&srt=name&categ=All&mblist=All&rect=&phot=&strewn=&snew=0&pnt=Normal%20table&dr=&page=0","Patrimonio **","Official","Y","1950","Minas Gerais, Brazil","L6","2.12 kg","8"
"1685536964-61","https://www.lpi.usra.edu/meteor/metbull.php?sea=%2A&sfor=names&ants=&nwas=&falls=&valids=&stype=contains&lrec=200&map=ge&browse=&country=Brazil&srt=name&categ=All&mblist=All&rect=&phot=&strewn=&snew=0&pnt=Normal%20table&dr=&page=0","Piedade do Bagre","Official","","1922","Minas Gerais, Brazil","Iron, ungrouped","59 kg",""
"1685536964-62","https://www.lpi.usra.edu/meteor/metbull.php?sea=%2A&sfor=names&ants=&nwas=&falls=&valids=&stype=contains&lrec=200&map=ge&browse=&country=Brazil&srt=name&categ=All&mblist=All&rect=&phot=&strewn=&snew=0&pnt=Normal%20table&dr=&page=0","Pirapora **","Official","","1888","Minas Gerais, Brazil","Iron, IIAB","6.18 kg","8"
"1685536964-63","https://www.lpi.usra.edu/meteor/metbull.php?sea=%2A&sfor=names&ants=&nwas=&falls=&valids=&stype=contains&lrec=200&map=ge&browse=&country=Brazil&srt=name&categ=All&mblist=All&rect=&phot=&strewn=&snew=0&pnt=Normal%20table&dr=&page=0","Ponta Grossa","Doubtful","Y","1846","Parana, Brazil","Doubtful stone","667 g",""
"1685536964-64","https://www.lpi.usra.edu/meteor/metbull.php?sea=%2A&sfor=names&ants=&nwas=&falls=&valids=&stype=contains&lrec=200&map=ge&browse=&country=Brazil&srt=name&categ=All&mblist=All&rect=&phot=&strewn=&snew=0&pnt=Normal%20table&dr=&page=0","Pontes e Lacerda **","Official","","2013","Mato Grosso, Brazil","Iron, IIIAB","224 g","104"
"1685536964-65","https://www.lpi.usra.edu/meteor/metbull.php?sea=%2A&sfor=names&ants=&nwas=&falls=&valids=&stype=contains&lrec=200&map=ge&browse=&country=Brazil&srt=name&categ=All&mblist=All&rect=&phot=&strewn=&snew=0&pnt=Normal%20table&dr=&page=0","Porangaba **","Official","Yc","2015","Sao Paulo, Brazil","L4","976 g","104"
"1685536964-66","https://www.lpi.usra.edu/meteor/metbull.php?sea=%2A&sfor=names&ants=&nwas=&falls=&valids=&stype=contains&lrec=200&map=ge&browse=&country=Brazil&srt=name&categ=All&mblist=All&rect=&phot=&strewn=&snew=0&pnt=Normal%20table&dr=&page=0","Porto Alegre **","Official","","2005","Rio Grande do Sul, Brazil","Iron, IIIE","200 kg","99"
"1685536964-67","https://www.lpi.usra.edu/meteor/metbull.php?sea=%2A&sfor=names&ants=&nwas=&falls=&valids=&stype=contains&lrec=200&map=ge&browse=&country=Brazil&srt=name&categ=All&mblist=All&rect=&phot=&strewn=&snew=0&pnt=Normal%20table&dr=&page=0","Putinga","Official","Y","1937","Rio Grande do Sul, Brazil","L6","300 kg",""
"1685536964-68","https://www.lpi.usra.edu/meteor/metbull.php?sea=%2A&sfor=names&ants=&nwas=&falls=&valids=&stype=contains&lrec=200&map=ge&browse=&country=Brazil&srt=name&categ=All&mblist=All&rect=&phot=&strewn=&snew=0&pnt=Normal%20table&dr=&page=0","Quijingue **","Official","","1984","Bahia, Brazil","Pallasite, PMG","59 kg","83"
"1685536964-69","https://www.lpi.usra.edu/meteor/metbull.php?sea=%2A&sfor=names&ants=&nwas=&falls=&valids=&stype=contains&lrec=200&map=ge&browse=&country=Brazil&srt=name&categ=All&mblist=All&rect=&phot=&strewn=&snew=0&pnt=Normal%20table&dr=&page=0","Riachão Ring **","Crater","","<200 Ma","Maranhao, Brazil","Impact Crater","",""
"1685536964-70","https://www.lpi.usra.edu/meteor/metbull.php?sea=%2A&sfor=names&ants=&nwas=&falls=&valids=&stype=contains&lrec=200&map=ge&browse=&country=Brazil&srt=name&categ=All&mblist=All&rect=&phot=&strewn=&snew=0&pnt=Normal%20table&dr=&page=0","Rio do Pires **","Official","","1991","Bahia, Brazil","L6","118 g","77"
"1685536964-71","https://www.lpi.usra.edu/meteor/metbull.php?sea=%2A&sfor=names&ants=&nwas=&falls=&valids=&stype=contains&lrec=200&map=ge&browse=&country=Brazil&srt=name&categ=All&mblist=All&rect=&phot=&strewn=&snew=0&pnt=Normal%20table&dr=&page=0","Rio Negro","Official","Y","1934","Parana, Brazil","L4","1310 g",""
"1685536964-72","https://www.lpi.usra.edu/meteor/metbull.php?sea=%2A&sfor=names&ants=&nwas=&falls=&valids=&stype=contains&lrec=200&map=ge&browse=&country=Brazil&srt=name&categ=All&mblist=All&rect=&phot=&strewn=&snew=0&pnt=Normal%20table&dr=&page=0","Sanclerlandia **","Official","","1971","Goias, Brazil","Iron, IIIAB","279 kg","58"
"1685536964-73","https://www.lpi.usra.edu/meteor/metbull.php?sea=%2A&sfor=names&ants=&nwas=&falls=&valids=&stype=contains&lrec=200&map=ge&browse=&country=Brazil&srt=name&categ=All&mblist=All&rect=&phot=&strewn=&snew=0&pnt=Normal%20table&dr=&page=0","Santa Barbara","Official","Y","1873","Rio Grande do Sul, Brazil","L4","400 g",""
"1685536964-74","https://www.lpi.usra.edu/meteor/metbull.php?sea=%2A&sfor=names&ants=&nwas=&falls=&valids=&stype=contains&lrec=200&map=ge&browse=&country=Brazil&srt=name&categ=All&mblist=All&rect=&phot=&strewn=&snew=0&pnt=Normal%20table&dr=&page=0","Santa Catharina","Official","","1875","Santa Catarina, Brazil","Iron, IAB-ung","7 t",""
"1685536964-75","https://www.lpi.usra.edu/meteor/metbull.php?sea=%2A&sfor=names&ants=&nwas=&falls=&valids=&stype=contains&lrec=200&map=ge&browse=&country=Brazil&srt=name&categ=All&mblist=All&rect=&phot=&strewn=&snew=0&pnt=Normal%20table&dr=&page=0","Santa Filomena **","Official","Yc","2020","Pernambuco, Brazil","H5-6","80 kg","109"
"1685536964-76","https://www.lpi.usra.edu/meteor/metbull.php?sea=%2A&sfor=names&ants=&nwas=&falls=&valids=&stype=contains&lrec=200&map=ge&browse=&country=Brazil&srt=name&categ=All&mblist=All&rect=&phot=&strewn=&snew=0&pnt=Normal%20table&dr=&page=0","Santa Luzia","Official","","1921","Goias, Brazil","Iron, IIAB","1.92 t",""
"1685536964-77","https://www.lpi.usra.edu/meteor/metbull.php?sea=%2A&sfor=names&ants=&nwas=&falls=&valids=&stype=contains&lrec=200&map=ge&browse=&country=Brazil&srt=name&categ=All&mblist=All&rect=&phot=&strewn=&snew=0&pnt=Normal%20table&dr=&page=0","Santa Marta **","Crater","","66-100 Ma","Piaui, Brazil","Impact Crater","",""
"1685536964-78","https://www.lpi.usra.edu/meteor/metbull.php?sea=%2A&sfor=names&ants=&nwas=&falls=&valids=&stype=contains&lrec=200&map=ge&browse=&country=Brazil&srt=name&categ=All&mblist=All&rect=&phot=&strewn=&snew=0&pnt=Normal%20table&dr=&page=0","Santa Vitoria do Palmar **","Official","","2003 or 2004","Rio Grande do Sul, Brazil","L3","50.4 kg","91"
"1685536964-79","https://www.lpi.usra.edu/meteor/metbull.php?sea=%2A&sfor=names&ants=&nwas=&falls=&valids=&stype=contains&lrec=200&map=ge&browse=&country=Brazil&srt=name&categ=All&mblist=All&rect=&phot=&strewn=&snew=0&pnt=Normal%20table&dr=&page=0","Santo Antônio do Descoberto **","Official","","2011","Goias, Brazil","Iron, IIAB","52.15 kg","103"
"1685536964-80","https://www.lpi.usra.edu/meteor/metbull.php?sea=%2A&sfor=names&ants=&nwas=&falls=&valids=&stype=contains&lrec=200&map=ge&browse=&country=Brazil&srt=name&categ=All&mblist=All&rect=&phot=&strewn=&snew=0&pnt=Normal%20table&dr=&page=0","São João Nepomuceno **","Official","","1960","Minas Gerais, Brazil","Iron, IVA-an","15.3 kg","58"
"1685536964-81","https://www.lpi.usra.edu/meteor/metbull.php?sea=%2A&sfor=names&ants=&nwas=&falls=&valids=&stype=contains&lrec=200&map=ge&browse=&country=Brazil&srt=name&categ=All&mblist=All&rect=&phot=&strewn=&snew=0&pnt=Normal%20table&dr=&page=0","São Jose do Rio Preto","Official","Y","1962","Sao Paulo, Brazil","H4","927 g",""
"1685536964-82","https://www.lpi.usra.edu/meteor/metbull.php?sea=%2A&sfor=names&ants=&nwas=&falls=&valids=&stype=contains&lrec=200&map=ge&browse=&country=Brazil&srt=name&categ=All&mblist=All&rect=&phot=&strewn=&snew=0&pnt=Normal%20table&dr=&page=0","São Sebastião da Boa Vista","Doubtful","","1914","Rio Grande do Sul, Brazil","Doubtful meteorite","",""
"1685536964-83","https://www.lpi.usra.edu/meteor/metbull.php?sea=%2A&sfor=names&ants=&nwas=&falls=&valids=&stype=contains&lrec=200&map=ge&browse=&country=Brazil&srt=name&categ=All&mblist=All&rect=&phot=&strewn=&snew=0&pnt=Normal%20table&dr=&page=0","Sapopema **","Official","","2010","Parana, Brazil","Iron, IVA","12 kg","103"
"1685536964-84","https://www.lpi.usra.edu/meteor/metbull.php?sea=%2A&sfor=names&ants=&nwas=&falls=&valids=&stype=contains&lrec=200&map=ge&browse=&country=Brazil&srt=name&categ=All&mblist=All&rect=&phot=&strewn=&snew=0&pnt=Normal%20table&dr=&page=0","Serra da Cangalha **","Crater","","<300 Ma","Tocantins, Brazil","Impact Crater","",""
"1685536964-85","https://www.lpi.usra.edu/meteor/metbull.php?sea=%2A&sfor=names&ants=&nwas=&falls=&valids=&stype=contains&lrec=200&map=ge&browse=&country=Brazil&srt=name&categ=All&mblist=All&rect=&phot=&strewn=&snew=0&pnt=Normal%20table&dr=&page=0","Serra de Magé","Official","Y","1923","Pernambuco, Brazil","Eucrite-cm","1800 g",""
"1685536964-86","https://www.lpi.usra.edu/meteor/metbull.php?sea=%2A&sfor=names&ants=&nwas=&falls=&valids=&stype=contains&lrec=200&map=ge&browse=&country=Brazil&srt=name&categ=All&mblist=All&rect=&phot=&strewn=&snew=0&pnt=Normal%20table&dr=&page=0","Serra Pelada **","Official","Yc","2017","Para, Brazil","Eucrite","12 kg","106"
"1685536964-87","https://www.lpi.usra.edu/meteor/metbull.php?sea=%2A&sfor=names&ants=&nwas=&falls=&valids=&stype=contains&lrec=200&map=ge&browse=&country=Brazil&srt=name&categ=All&mblist=All&rect=&phot=&strewn=&snew=0&pnt=Normal%20table&dr=&page=0","Sete Lagoas","Official","Y","1908","Minas Gerais, Brazil","H4","350 g",""
"1685536964-88","https://www.lpi.usra.edu/meteor/metbull.php?sea=%2A&sfor=names&ants=&nwas=&falls=&valids=&stype=contains&lrec=200&map=ge&browse=&country=Brazil&srt=name&categ=All&mblist=All&rect=&phot=&strewn=&snew=0&pnt=Normal%20table&dr=&page=0","Socorro **","Official","","2020","Pernambuco, Brazil","Martian (shergottite)","4.47 kg","110"
"1685536964-89","https://www.lpi.usra.edu/meteor/metbull.php?sea=%2A&sfor=names&ants=&nwas=&falls=&valids=&stype=contains&lrec=200&map=ge&browse=&country=Brazil&srt=name&categ=All&mblist=All&rect=&phot=&strewn=&snew=0&pnt=Normal%20table&dr=&page=0","Soledade **","Official","","1986","Rio Grande do Sul, Brazil","Iron, IAB-MG","68 kg","66"
"1685536964-90","https://www.lpi.usra.edu/meteor/metbull.php?sea=%2A&sfor=names&ants=&nwas=&falls=&valids=&stype=contains&lrec=200&map=ge&browse=&country=Brazil&srt=name&categ=All&mblist=All&rect=&phot=&strewn=&snew=0&pnt=Normal%20table&dr=&page=0","Tiros **","Official","Yp","2020","Minas Gerais, Brazil","Eucrite-cm","400 g","109"
"1685536964-91","https://www.lpi.usra.edu/meteor/metbull.php?sea=%2A&sfor=names&ants=&nwas=&falls=&valids=&stype=contains&lrec=200&map=ge&browse=&country=Brazil&srt=name&categ=All&mblist=All&rect=&phot=&strewn=&snew=0&pnt=Normal%20table&dr=&page=0","Tres Irmaos **","Official","Yc","2017","Bahia, Brazil","L6","890 g","106"
"1685536964-92","https://www.lpi.usra.edu/meteor/metbull.php?sea=%2A&sfor=names&ants=&nwas=&falls=&valids=&stype=contains&lrec=200&map=ge&browse=&country=Brazil&srt=name&categ=All&mblist=All&rect=&phot=&strewn=&snew=0&pnt=Normal%20table&dr=&page=0","Ubá **","Official","","1960","Minas Gerais, Brazil","H5","84.5 g","110"
"1685536964-93","https://www.lpi.usra.edu/meteor/metbull.php?sea=%2A&sfor=names&ants=&nwas=&falls=&valids=&stype=contains&lrec=200&map=ge&browse=&country=Brazil&srt=name&categ=All&mblist=All&rect=&phot=&strewn=&snew=0&pnt=Normal%20table&dr=&page=0","Uberaba","Official","Y","1903","Minas Gerais, Brazil","H5","40 kg",""
"1685536964-94","https://www.lpi.usra.edu/meteor/metbull.php?sea=%2A&sfor=names&ants=&nwas=&falls=&valids=&stype=contains&lrec=200&map=ge&browse=&country=Brazil&srt=name&categ=All&mblist=All&rect=&phot=&strewn=&snew=0&pnt=Normal%20table&dr=&page=0","Uruaçu **","Official","","1992","Goias, Brazil","Iron, IAB-MG","72.5 kg","86"
"1685536964-95","https://www.lpi.usra.edu/meteor/metbull.php?sea=%2A&sfor=names&ants=&nwas=&falls=&valids=&stype=contains&lrec=200&map=ge&browse=&country=Brazil&srt=name&categ=All&mblist=All&rect=&phot=&strewn=&snew=0&pnt=Normal%20table&dr=&page=0","Vargeão Dome **","Crater","","<70 Ma","Santa Catarina, Brazil","Impact Crater","",""
"1685536964-96","https://www.lpi.usra.edu/meteor/metbull.php?sea=%2A&sfor=names&ants=&nwas=&falls=&valids=&stype=contains&lrec=200&map=ge&browse=&country=Brazil&srt=name&categ=All&mblist=All&rect=&phot=&strewn=&snew=0&pnt=Normal%20table&dr=&page=0","Varre-Sai **","Official","Y","2010","Rio de Janeiro, Brazil","L5","2.5 kg","99"
"1685536964-97","https://www.lpi.usra.edu/meteor/metbull.php?sea=%2A&sfor=names&ants=&nwas=&falls=&valids=&stype=contains&lrec=200&map=ge&browse=&country=Brazil&srt=name&categ=All&mblist=All&rect=&phot=&strewn=&snew=0&pnt=Normal%20table&dr=&page=0","Verissimo","Official","","1965","Minas Gerais, Brazil","Iron, IIIAB","14 kg",""
"1685536964-98","https://www.lpi.usra.edu/meteor/metbull.php?sea=%2A&sfor=names&ants=&nwas=&falls=&valids=&stype=contains&lrec=200&map=ge&browse=&country=Brazil&srt=name&categ=All&mblist=All&rect=&phot=&strewn=&snew=0&pnt=Normal%20table&dr=&page=0","Vicência **","Official","Y","2013","Pernambuco, Brazil","LL3.2","1540 g","103"
"1685536964-99","https://www.lpi.usra.edu/meteor/metbull.php?sea=%2A&sfor=names&ants=&nwas=&falls=&valids=&stype=contains&lrec=200&map=ge&browse=&country=Brazil&srt=name&categ=All&mblist=All&rect=&phot=&strewn=&snew=0&pnt=Normal%20table&dr=&page=0","Vista Alegre **","Crater","","<65 Ma","Parana, Brazil","Impact Crater","",""
"1685536964-100","https://www.lpi.usra.edu/meteor/metbull.php?sea=%2A&sfor=names&ants=&nwas=&falls=&valids=&stype=contains&lrec=200&map=ge&browse=&country=Brazil&srt=name&categ=All&mblist=All&rect=&phot=&strewn=&snew=0&pnt=Normal%20table&dr=&page=0","Vitoria da Conquista","Official","","2007","Bahia, Brazil","Iron, IVA","10.5 kg","96"
